hostname_nn,letter_nn,Event,ProposalCategory,ProposalID,Cycle,Observation,Status,ObservingMode,GratingGrism,Subarray,ReadoutPattern,Groups,StartTime,EndTime,Hours,LastName,ProprietaryPeriod,EquatorialCoordinates,sy_kmag,sy_dist,st_teff,st_mass,st_rad,st_logg,pl_orbper,pl_orbsmax,pl_orbincl,pl_massj,pl_radj,pl_g_SI,pl_dens_cgs,pl_Teq_K,pl_trandep,pl_trandur,pl_TSM_K,pl_ESM_3um,PlanWindow,st_met,st_prot,
55 Cnc,e,Eclipse,GO,2084,1,2,Executed,GTS,GRISMR+F444W,SUBGRISM64,RAPID,2,11/20/22 18:58,11/21/22 0:15,6.25,Brandeker,12,08 52 35.2410 +28 19 47.34,4.015,12.59,5250,0.905,0.964,4.425,0.7365462,0.016,84.65,0.025,0.172,24.24,7.52,1983.8,0,1.6,309.73,37.28,X,0.35,38.8,
AU Mic,b,Transit,GO,5311,3,4,Executed,GTS,GRISMR+F444W,SUBGRISM64,BRIGHT1,2,5/31/25 5:26,5/31/25 17:01,12.72,Feinstein,6,20 45 9.8838 -31 20 33.00,4.529,9.72,3700,0.5,0.75,4.404,8.46308,0.064,89.5,0.053,0.363,11.5,1.69,608.4,0.3,3.5,557.72,2.37,X,0.18,4.86,
BD+05 4868 A,b,PhaseC,GO,8739,4,1,Implementation,LRS,X,SLITLESSPRISM,FASTR1,16,X,X,43.66,Hon,12,21 47 26.7438 +06 36 19.20,7.448,43.57,4596,0.7,0.69,4.6,1.271869,0.021,-1,0.02,-1,-1,-1,1276.5,1.4,-1,-1,-1,"Oct 9, 2025 - Oct 9, 2025 (2025.282 - 2025.282)",-0.05,,
GJ 1132,b,Transit,GO,1981,1,21,Executed,BOTS,G395H,SUB2048,NRSRAPID,14,3/5/23 11:35,3/5/23 15:58,4.62,Stevenson,0,10 14 50.1768 -47 09 17.77,8.322,12.61,3270,0.181,0.216,4.881,1.6289302,0.015,88.16,0.005,0.106,12.86,6.48,591.6,0.2,0.8,44.36,0.44,X,-0.12,122.3,
GJ 1214,b,Transit,GTO,1185,1,19,Executed,BOTS,G395H,SUB2048,NRSRAPID,16,7/19/23 20:15,7/20/23 2:08,6.37,Greene,12,17 15 19.5552 +04 57 38.07,8.782,14.64,3026,0.157,0.211,5,1.5804046,0.015,88.94,0.02,0.24,9.86,2.2,549.1,1.3,0.9,680.55,1.24,X,0.1,124.7,
GJ 3090,b,Transit,GO,4098,2,11,Skipped,SOSS,X,SUBSTRIP256,NISRAPID,2,X,X,5.19,Benneke,0,01 21 45.2173 -46 42 53.04,7.294,22.48,3629.5,0.519,0.518,4.745,2.8531035,0.032,87.14,0.011,0.185,8.69,2.51,708,0.1,1.2,252.99,1.03,X,-0.06,,
GJ 341,b,Transit,GO,1981,1,31,Executed,GTS,GRISMR+F444W,SUBGRISM128,BRIGHT1,3,3/10/23 7:40,3/10/23 14:11,7.1,Stevenson,0,09 21 35.8504 -60 16 52.21,5.587,10.45,3768,0.48,0.518,4.74,7.5768467,0.059,89.24,0.013,0.078,58.68,40.27,538,0,2.2,3.96,0.05,X,-0.16,,
GJ 3470,b,Eclipse,GTO,1201,1,10,Executed,BOTS,G395H,SUB2048,NRSRAPID,10,11/4/23 6:25,11/4/23 12:30,6.45,Lafreniere,12,07 59 5.6405 +15 23 28.35,7.989,29.42,3600,0.524,0.5,4.738,3.3366496,0.036,88.88,0.044,0.37,9.05,1.31,651.3,0.6,1.9,353.73,1.9,X,0.2,21.5,
GJ 3473,b,Eclipse,GO,3730,2,1,Executed,F1500W,X,SUB256,FASTR1,39,3/12/24 10:47,3/12/24 14:59,4.78,Diamond-Lowe,12,08 02 22.4521 +03 20 13.60,8.829,27.36,3339.5,0.36,0.359,4.863,1.1980015,0.016,87.95,0.006,0.11,13.61,6.6,765.7,0.1,1,16.1,0.69,X,0.11,168.3,
GJ 357,b,Transit,GO,2512,1,7,Executed,BOTS,G395H,SUB2048,NRSRAPID,3,12/4/23 4:52,12/4/23 10:16,6.22,Batalha,0,09 36 1.7915 -21 39 54.23,6.475,9.44,3505,0.342,0.337,4.94,3.9306128,0.036,89.12,0.006,0.109,13.92,6.86,520.7,0.1,1.3,35.38,0.14,X,-0.12,77.8,
GJ 367,b,PhaseC,GO,2508,1,1,Executed,LRS,X,SLITLESSPRISM,FASTR1,5,2/22/23 2:33,2/22/23 16:13,15.84,Zhang,12,09 44 29.1514 -45 46 44.46,5.78,9.41,3522,0.454,0.458,4.777,0.3219233,0.007,80.32,0.002,0.064,12.81,10.7,1364.5,0,0.6,44.31,6.71,X,-0.01,51.3,
GJ 3929,X,Eclipse,DD,9235,3,5,On Hold (Inactive),F1500W,X,SUB128,FASTR1,47,X,X,3.18,Espinoza,0,15 58 18.6104 +35 24 29.37,7.869,15.81,3384,0.313,0.32,4.89,-1,-1,-1,-1,-1,-1,-1,-1,-1,-1,-1,-1,"Jan 31, 2026 - Jan 31, 2026 (2026.031 - 2026.031)",-999,122,
GJ 436,b,Eclipse,GTO,1185,1,15,Executed,GTS,GRISMR+F444W,SUBGRISM64,BRIGHT2,5,12/7/23 22:26,12/8/23 4:36,6.58,Greene,12,11 42 12.1620 +26 42 10.63,6.073,9.75,3456,0.452,0.448,4.804,2.6438975,0.029,86.7,0.073,0.368,15.28,2.22,657.9,0.6,1,634.67,6.52,X,-0.03,44.1,
GJ 486,b,Transit,GO,1981,1,12,Executed,BOTS,G395H,SUB2048,NRSRAPID,3,12/29/22 19:55,12/30/22 0:47,5.19,Stevenson,0,12 47 55.5675 +09 44 57.91,6.362,8.07,3307,0.323,0.33,4.89,1.4671198,0.017,88.9,0.009,0.117,18.28,8.34,699.4,0.1,1,43,1.72,X,-0.15,130.1,
GJ 806,b,Eclipse,GO,4931,3,3,Executed,LRS,X,SLITLESSPRISM,FASTR1,5,6/14/25 10:10,6/14/25 14:59,4.99,Weiner Mansfield,12,20 45 4.0992 +44 29 56.65,6.533,12.04,3586.5,0.413,0.422,4.892,0.9263237,0.014,87.7,0.006,0.134,9.4,3.75,947.7,0.1,0.9,73.1,5.63,X,-0.28,41.4,
GJ 9827,d,Transit,GO,4098,2,9,Skipped,BOTS,G395H,SUB2048,NRSRAPID,4,X,X,5.09,Benneke,0,23 27 5.2388 -01 17 7.13,7.193,29.66,4255,0.62,0.602,4.68,6.2014698,0.056,87.44,0.01,0.18,8.98,2.66,671.8,0.1,1.2,175.62,0.41,X,-0.29,28.2,
HAT-P-1,b,Eclipse,GTO,1201,1,4,Executed,SOSS,X,SUBSTRIP256,NISRAPID,4,7/12/22 22:39,7/13/22 6:21,8.37,Lafreniere,12,22 57 45.9200 +38 40 27.20,8.858,158.98,5980,1.133,1.142,4.382,4.4652991,0.055,85.9,0.527,1.297,8.89,0.37,1310.7,1.4,2.8,292.8,39.56,X,0.13,,
HAT-P-11,b,Transit,GO,4105,2,2,Executed,BOTS,G395H,SUB2048,NRSRAPID,3,7/13/24 17:54,7/14/24 0:42,7.1,Alderson,12,19 50 50.4423 +48 04 54.71,7.009,37.76,4777.6,0.81,0.755,4.59,4.8878027,0.053,89.36,0.081,0.43,12.42,1.55,869.5,0.4,2.4,247.39,5.89,X,0.31,30.5,
HAT-P-12,b,Transit,GTO,1281,1,1,Executed,LRS,X,SLITLESSPRISM,FASTR1,150,6/7/23 9:21,6/7/23 16:54,8.29,Lagage,12,13 57 33.2749 +43 29 35.92,10.108,142.75,4650,0.733,0.701,4.61,3.2130584,0.038,89,0.209,0.959,6.46,0.36,958.3,2.1,2.3,325.59,13.61,X,-0.29,,
HAT-P-13,b,Transit,GO,8233,4,1,Implementation,SOSS,X,SUBSTRIP256,NISRAPID,3,X,X,9.81,Miguel,12,08 39 31.8072 +47 21 7.27,8.975,246.81,5653,1.22,1.56,4.13,2.9162419,0.043,83.4,0.891,1.384,13.18,0.51,1643.8,0.7,3.3,134.26,50.64,"Mar 14, 2026 - Mar 14, 2026 (2026.073 - 2026.073)",0.41,,
HAT-P-14,b,Transit,COM,1541,0,1,Executed,SOSS,X,SUBSTRIP256,NISRAPID,6,6/8/22 5:44,6/8/22 13:24,7.07,Espinoza,12,17 20 27.8812 +38 14 31.81,8.851,222.66,6600,1.386,1.499,4.25,4.6276665,0.061,83.5,2.28,1.2,44.88,2,1582.7,0.6,2.2,37.76,31.28,X,0.11,,
HAT-P-18,b,Transit,COM,2734,0,1,Executed,SOSS,X,SUBSTRIP256,NISRAPID,9,6/13/22 3:11,6/13/22 11:59,8.18,Pontoppidan,12,17 05 23.1302 +33 00 44.37,10.234,161.4,4803,0.77,0.749,4.579,5.5080287,0.056,88.79,0.196,0.976,5.85,0.32,847.8,2.2,2.7,267.61,6.09,X,0.1,,
HAT-P-26,b,Eclipse,GTO,1312,1,6,Executed,LRS,X,SLITLESSPRISM,FASTR1,115,6/17/23 4:59,6/17/23 13:28,9.5,Lewis,12,14 12 37.5735 +04 03 33.83,9.581,141.84,5079,0.816,0.788,4.56,4.2345024,0.048,88.6,0.06,0.63,4.25,0.36,993.4,0.5,2.5,339.76,6.06,X,-0.04,,
HAT-P-30,b,Transit,GO,3838,2,5,Executed,BOTS,G395H,SUB2048,NRSRAPID,26,3/10/24 22:20,3/11/24 6:02,8.33,Kirk,12,08 15 47.9623 +05 50 12.72,9.151,213.98,6304,1.242,1.215,4.36,2.810601,0.042,83.6,0.733,1.427,10.2,0.38,1636.9,1.1,2.2,270.81,69.01,X,0.13,,
HAT-P-32,b,Transit,GO,7849,4,3,Implementation,LRS,X,SLITLESSPRISM,FASTR1,154,X,X,9.47,Moran,12,02 04 10.2774 +46 41 16.21,9.99,289.2,6207,1.16,1.219,4.33,2.1500082,0.034,88.94,0.81,1.789,7.17,0.21,1784.7,2.3,3.1,355.4,95.09,"Dec 21, 2025 - Dec 22, 2025 (2025.355 - 2025.356)",-0.04,,
HAT-P-65,b,Transit,GO,3969,2,4,Executed,BOTS,PRISM,SUB512,NRSRAPID,3,6/9/24 10:13,6/9/24 22:04,13.16,Espinoza,12,21 03 37.3175 +11 59 21.72,11.528,738.52,5835,1.212,1.86,3.983,2.6054475,0.04,84.2,0.54,1.611,5.9,0.2,1919.5,1.1,4.3,88.49,21.56,X,0.1,,
HATS-6,b,Transit,GO,3171,2,7,Executed,BOTS,PRISM,SUB512,NRSRAPID,4,1/21/24 18:15,1/22/24 1:25,7.61,Kanodia,0,05 52 35.2367 -19 01 53.97,11.224,169.32,3724,0.574,0.57,4.683,3.3252709,0.036,88.21,0.319,1.012,8.83,0.47,712.3,3.4,2,168.99,4.11,X,0.2,,
HATS-72,b,Transit,GO,2594,1,1,Executed,BOTS,G395M,SUB2048,NRSRAPID,18,11/14/23 23:30,11/15/23 7:06,8.37,Spake,12,22 36 6.2016 -17 00 1.10,9.764,127.59,4656.1,0.731,0.721,4.585,7.3279485,0.067,89.56,0.125,0.785,5.77,0.39,739.4,1.4,3,254.14,2.59,X,0.1,48.7,
HATS-75,b,Transit,GO,3171,2,9,Executed,BOTS,PRISM,SUB512,NRSRAPID,5,8/9/24 17:38,8/10/24 0:40,7.38,Kanodia,0,04 03 47.8393 -25 24 32.09,11.584,194.96,3722.2,0.602,0.586,4.561,2.7886548,0.033,88.07,0.491,0.873,18.26,1.12,759.3,2.6,1.9,60.24,3.59,X,0.52,35,
HD 106315,c,Transit,GO,2950,2,2,Executed,LRS,X,SLITLESSPRISM,FASTR1,19,6/13/24 0:21,6/13/24 12:52,14.17,Waters,12,12 13 53.3938 -00 23 36.37,7.853,109.35,6290,1.079,1.277,4.251,21.057175,0.153,88.75,0.047,0.386,8.9,1.23,876.5,0.1,4.7,73.99,0.78,X,-0.26,,
HD 149026,b,Transit,GTO,1274,1,4,Executed,GTS,GRISMR+F322W2,SUBGRISM64,BRIGHT2,5,7/14/22 23:39,7/15/22 9:12,10.53,Lunine,12,16 30 29.6185 +38 20 50.31,6.819,75.86,6160,1.3,1.45,4.278,2.8758911,0.043,84.55,0.358,0.74,18.5,1.34,1722.3,0.3,3.2,167.42,45.46,X,0.36,,
HD 15337,c,Transit,GO,2512,1,18,Executed,BOTS,G395H,SUB2048,NRSRAPID,4,7/24/23 4:05,7/24/23 10:39,7.8,Batalha,0,02 27 28.2923 -27 38 10.02,7.044,44.82,5131,0.851,0.848,4.428,17.179473,0.125,88.41,0.026,0.219,15.06,3.68,644.2,0.1,2.2,65.71,0.18,X,0.03,36.6,
HD 189733,b,Transit,GO,1633,1,5,Executed,GTS,GRISMR+F444W,SUBGRISM64,BRIGHT1,4,8/25/22 6:56,8/25/22 14:10,7.85,Deming,12,20 00 43.7093 +22 42 35.19,5.541,19.76,5031.5,0.828,0.766,4.582,2.2185752,0.031,85.71,1.144,1.139,24.99,1.17,1204.9,2.3,1.8,861.48,299.93,X,-0.03,12,
HD 20329,b,Eclipse,GO,4818,3,3,Flight Ready,LRS,X,SLITLESSPRISM,FASTR1,10,X,X,5.59,Weiner Mansfield,12,03 16 42.6298 +15 39 26.01,7.116,63.68,5618,0.9,1.12,4.375,0.9260906,0.018,76.01,0.023,0.152,28.81,10.17,2136.9,0,1.1,43.76,5.51,"Aug 17, 2025 - Aug 17, 2025 (2025.229 - 2025.229)",-0.07,,
HD 207496,b,Transit,GO,6284,3,2,Flight Ready,GTS,GRISMR+F444W,SUBGRISM64,BRIGHT1,7,X,X,6.93,Coy,12,21 54 51.3013 -77 20 16.79,5.967,23.61,4843,0.8,0.784,4.472,6.441007,0.063,88.79,0.019,0.215,11.8,2.94,824.7,0.1,1.8,202.18,1.64,"Jul 4, 2025 - Jul 5, 2025 (2025.185 - 2025.186)",0.1,12.4,
HD 209458,b,Transit,GO,2667,1,51,Executed,LRS,X,SLITLESSPRISM,FASTR1,7,7/14/23 14:26,7/14/23 22:50,9.37,Wakeford,12,22 03 10.8053 +18 53 3.27,6.308,48.3,6065,1.119,1.18,4.361,3.5247486,0.047,86.71,0.685,1.38,10.2,0.4,1464.3,1.6,3,920.51,191.81,X,0,10.7,
HD 260655,b,Eclipse,GO,3730,2,6,Executed,F1500W,X,SUB64,FASTR1,16,3/7/24 14:25,3/7/24 19:05,5.28,Diamond-Lowe,12,06 37 9.9436 +17 33 58.74,5.862,10.01,3805,0.439,0.454,4.985,2.7695118,0.029,87.35,0.007,0.112,15.18,7.25,722.3,0.1,1.1,33.87,0.98,X,-0.43,37.5,
HD 3167,b,Eclipse,GO,4818,3,17,Scheduled,LRS,X,SLITLESSPRISM,FASTR1,9,6/28/25 16:31,6/28/25 21:06,6,Weiner Mansfield,12,00 34 57.5242 +04 22 53.28,7.066,47.29,5300,0.868,0.865,4.515,0.9596365,0.018,87.59,0.016,0.145,21.26,7.84,1770.7,0,1.6,80.71,5.9,X,0.03,23.5,
HD 80606,b,Eclipse,GO,2488,1,1,Executed,BOTS,G395H,SUB2048,NRSRAPID,5,11/1/22 5:04,11/2/22 3:12,25.11,Sikora,12,09 22 37.6680 +50 36 13.60,7.316,66.47,5569.4,1.018,1.038,4.408,111.43639,0.456,89.26,4.115,1.003,115.94,6.18,405.1,1.1,11.9,13.21,0.04,X,0.34,,
HD 86226,c,Transit,GO,7407,4,1,Inactive,GTS,GRISMR+F444W,SUB164S4_8-SPECTRA,DHS4,3,X,X,10.47,Nixon,12,09 56 29.8442 -24 05 57.80,6.463,45.68,5863,1.019,1.053,4.4,3.9846589,0.049,86.45,0.023,0.191,17.67,4.94,1310.6,0,2.6,84.41,3.14,Not a candidate for the long range plan,0.02,,
HIP 67522,b,Transit,GO,2498,1,1,Executed,BOTS,G395H,SUB2048,NRSRAPID,9,2/27/23 2:23,2/27/23 10:30,8.95,Mann,12,13 50 6.2402 -40 50 9.23,8.164,127.28,5675,1.22,1.38,4.438,6.9594724,0.075,89.34,-1,0.881,-1,-1,1175.8,0.5,4.8,-1,12.56,X,0,1.4,
HIP 9618,b,Transit,GO,8004,4,4,Implementation,BOTS,G395H,SUB2048,NRSRAPID,6,X,X,14.13,Batalha,12,02 03 37.0253 +21 16 51.11,7.559,67.55,5617.3,0.942,0.963,4.45,20.772869,0.144,-1,0.026,0.345,6.3,0.98,700.4,0.1,4.9,167.2,0.42,"Jan 11, 2026 - Jan 11, 2026 (2026.011 - 2026.011)",-0.06,,
K2-141,b,PhaseC,GO,2347,1,1,Executed,LRS,X,SLITLESSPRISM,FASTR1,41,6/8/23 3:12,6/9/23 1:08,25.12,Dang,12,23 23 40.0911 -01 11 21.06,8.401,61.87,4570,0.707,0.681,4.602,0.2803244,0.007,86.3,0.016,0.135,25.16,9.99,2126.3,0.1,0.9,10,8.87,X,0.02,15.2,
K2-18,b,Transit,GO,2372,1,1,Executed,BOTS,G235H,SUB2048,NRSRAPID,9,1/18/24 0:55,1/18/24 11:17,11.34,Hu,12,11 30 14.4338 +07 35 16.19,8.899,38.03,3457,0.413,0.411,4.786,32.9398375,0.146,89.58,0.027,0.203,18.6,4.89,279.6,0.3,2.7,38.9,0,X,0.12,39.6,
K2-22,b,PhaseC,GO,3315,2,3,Executed,LRS,X,SLITLESSPRISM,FASTR1,450,4/27/24 6:43,4/27/24 20:20,15.2,Wright,12,11 17 55.8491 +02 37 8.53,11.924,243.84,3872,0.595,0.57,4.675,0.381078,0.009,83,1.4,0.385,267.71,37.2,1485.9,0.6,0.7,3.2,10.26,X,0.03,18.1,
K2-232,b,Transit,GO,9025,4,2,Implementation,BOTS,G395H,SUB2048,NRSRAPID,20,X,X,13.88,Gao,12,04 55 3.9626 +18 39 16.31,8.434,130.72,6067.5,1.188,1.19,4.344,11.1684482,0.101,89.14,0.392,1.058,9.94,0.5,1002.9,0.9,5.2,182.98,10.16,"Sep 14, 2026 - Sep 15, 2026 (2026.257 - 2026.258)",0.1,,
KELT-20,b,Eclipse,GO,6978,4,1,Implementation,BOTS,G395H,SUB2048,NRSRAPID,5,X,X,16.63,Wardenier,12,19 38 38.7353 +31 13 9.22,7.415,136.43,8720,1.76,1.565,4.29,3.4741048,0.056,86.12,10.191,1.83,86.25,2.52,2230.8,1.4,3.4,75.06,215.55,"Sep 7, 2025 - Sep 8, 2025 (2025.250 - 2025.251)",-0.29,,
KELT-7,b,Transit,GO,3838,2,2,Executed,BOTS,G395H,SUB2048,NRSRAPID,5,2/23/24 15:51,2/24/24 0:53,9.78,Kirk,12,05 13 10.9419 +33 19 4.63,7.543,136.68,6768,1.535,1.751,4.149,2.7347658,0.044,83.76,1.335,1.584,15.07,0.51,2055.3,0.8,3.4,257.99,141.23,X,0.14,,
KELT-8,b,Eclipse,GO,5687,3,1,Implementation,LRS,X,SLITLESSPRISM,FASTR1,85,X,X,9.44,Valentine,12,18 53 13.3242 +24 07 38.58,9.177,197.57,5754,1.114,1.46,4.08,3.24406,0.046,82.65,0.858,1.86,7.03,0.2,1569.9,1.3,3.6,336.23,81.09,"Jul 28, 2025 - Jul 28, 2025 (2025.209 - 2025.209)",0.27,,
KELT-9,b,PhaseC,GO,7255,4,1,Implementation,SOSS,X,SUBSTRIP96,NISRAPID,3,X,X,27.24,Stevenson,12,20 31 26.3534 +39 56 19.77,7.482,204.46,10170,2.52,2.362,4.093,1.4811187,0.035,86.79,2.66,1.815,22.9,0.68,4050.7,0.7,4,216.71,232.28,"Nov 5, 2026 - Nov 5, 2026 (2026.309 - 2026.309)",-0.03,,
Kepler-12,b,Transit,GO,3969,2,1,Executed,BOTS,PRISM,SUB512,NRSRAPID,5,7/1/24 22:32,7/2/24 11:13,13.93,Espinoza,12,19 04 58.4270 +50 02 25.32,12.066,881.39,5953,1.106,1.483,4.175,4.437963,0.055,89.26,0.432,1.695,4.26,0.13,1491.9,1.7,4.7,123.2,14.07,X,0.07,,
Kepler-167,e,Transit,GO,6491,3,1,Executed,BOTS,PRISM,SUB512,NRSRAPID,6,10/24/24 14:24,10/27/24 3:59,70.62,Cassese,12,19 30 38.0262 +38 20 43.44,11.832,341.91,4876,0.776,0.746,4.576,1071.23205,1.881,89.96,1.01,0.905,34.96,2.07,148.1,1.9,16.2,3.5,0,X,0.05,,
Kepler-51,d,Transit,GO,2571,1,1,Executed,BOTS,PRISM,SUB512,NRSRAPID,12,6/26/23 2:10,6/26/23 17:46,18.3,Libby-Roberts,12,19 45 55.1430 +49 56 15.54,13.197,783.83,5770,1.04,0.881,4.51,130.1780296,0.512,89.95,0.02,0.892,0.72,0.04,364.9,1.2,8.4,158.49,0,X,0.01,8.2,
Kepler-86,b,Transit,GO,3235,2,1,Executed,BOTS,PRISM,SUB512,NRSRAPID,6,9/10/24 0:35,9/10/24 20:53,23.75,Fortney,12,19 19 3.2691 +51 57 45.66,11.116,343.86,5734,0.97,0.95,4.47,-1,-1,-1,-1,-1,-1,-1,-1,-1,-1,-1,-1,X,-999,,
L 168-9,b,Transit,COM,1033,0,5,Executed,LRS,X,SLITLESSPRISM,FASTR1,9,5/29/22 6:44,5/29/22 12:18,4.97,Kendrew,0,23 20 6.8620 -60 03 56.63,7.082,25.15,3800,0.62,0.6,4.359,1.4015222,0.021,85.5,0.014,0.13,22.73,9.33,982.9,0.1,1.1,11.71,2.18,X,0.04,29,
L 231-32,d,Transit,GO,4098,2,15,Executed,SOSS,X,SUBSTRIP256,NISRAPID,3,2/6/24 6:29,2/6/24 13:17,7.2,Benneke,0,04 33 39.8638 -51 57 26.75,8.251,22.48,3506,0.39,0.38,4.87,-1,-1,-1,-1,-1,-1,-1,-1,-1,-1,-1,-1,X,-999,,
L 98-59,d,Transit,GTO,1224,1,1,Executed,BOTS,G395H,SUB2048,NRSRAPID,6,6/25/23 12:48,6/25/23 17:43,5.34,Birkmann,12,08 18 7.8951 -68 18 52.25,7.101,10.62,3412,0.312,0.312,4.94,7.4507337,0.051,88.45,0.007,0.14,10.11,3.86,408.5,0.2,0.8,43.1,0.02,X,-0.5,80,
LHS 1140,b,Transit,GO,2334,1,1,Executed,BOTS,G395H,SUB2048,NRSRAPID,15,7/30/23 13:37,7/30/23 20:16,7.26,Damiano,12,00 44 59.6717 -15 16 26.79,8.821,14.99,3131,0.179,0.214,5.049,24.737165,0.094,89.89,0.02,0.154,24.48,8.5,227.5,0.5,2.1,69.87,0,X,-0.24,131,
LHS 1478,b,Eclipse,GO,3730,2,13,Executed,F1500W,X,SUB256,FASTR1,39,11/18/23 18:55,11/18/23 23:23,4.58,Diamond-Lowe,12,02 57 21.4288 +76 33 4.86,8.767,18.23,3397.5,0.236,0.253,4.921,1.9495391,0.018,87.45,0.007,0.118,15.04,6.85,606.3,0.2,0.8,25.46,0.35,X,-0.13,,
LHS 3844,b,Eclipse,GO,1846,1,1,Executed,LRS,X,SLITLESSPRISM,FASTR1,30,6/19/23 2:52,6/19/23 6:06,4.08,Kreidberg,12,22 41 59.0890 -69 10 19.59,9.145,14.88,3036,0.151,0.189,5.06,0.4629294,0.006,88.5,-1,0.119,-1,-1,807,0.4,0.5,-1,4.03,X,-999,,
LHS 475,b,Transit,GO,1981,1,45,Failed,BOTS,G395H,SUB2048,NRSRAPID,9,6/21/23 22:52,6/22/23 0:14,4.64,Stevenson,0,19 20 57.1077 -82 33 35.24,7.686,12.48,3289,0.268,0.286,4.967,2.029101,0.02,87.29,-1,0.088,-1,-1,594.3,0.1,0.7,-1,0.24,X,-999,79.3,
LP 791-18,c,Transit,GTO,1201,1,401,Executed,BOTS,PRISM,SUB512,NRSRAPID,6,6/17/23 16:21,6/17/23 21:15,5.22,Lafreniere,12,11 02 45.7162 -16 24 23.20,10.644,26.49,2960,0.139,0.171,5.115,4.9899134,0.03,89.55,0.022,0.218,13.38,3.29,343.9,1.9,1.2,183.37,0.01,X,-0.09,,
LP 890-9,b,Transit,GO,7073,4,47,Implementation,BOTS,PRISM,SUB512,NRSRAPID,5,X,X,5.45,Lustig-Yaeger,0,04 16 31.1618 -28 18 52.95,11.344,32.43,2868.5,0.118,0.156,5.143,2.7299037,0.019,89.67,0.042,0.119,82.9,37.22,398.4,0.7,0.8,2.49,0.01,"Aug 12, 2025 - Aug 12, 2025 (2025.224 - 2025.224)",-0.03,,
LTT 1445 A,b,Eclipse,GO,2708,1,1,Executed,LRS,X,SLITLESSPRISM,FASTR1,5,8/27/22 16:01,8/27/22 23:25,8,Berta-Thompson,12,03 01 50.9800 -16 35 40.32,6.496,6.87,3340,0.256,0.276,4.967,5.3587657,0.038,89.4,0.008,0.121,15.3,6.75,433.6,0.2,1.4,44.25,0.05,X,-0.34,85,
LTT 3780,c,Transit,GO,3557,2,6,Executed,LRS,X,SLITLESSPRISM,FASTR1,13,12/9/24 13:41,12/9/24 18:52,5.24,Madhusudhan,12,10 18 34.7652 -11 43 4.21,8.204,21.98,3344.5,0.381,0.377,4.873,12.252202,0.076,89.13,0.024,0.208,15.54,4,358.8,0.3,1.5,99.86,0,X,0.09,104,
LTT 9779,b,PhaseC,GTO,1201,1,2,Executed,SOSS,X,SUBSTRIP256,NISRAPID,2,7/7/22 0:10,7/7/22 23:30,26.51,Lafreniere,12,23 54 40.5304 -37 37 41.61,8.016,80.44,5443,1.02,0.949,4.386,0.7920642,0.017,76.39,0.092,0.421,14.75,1.87,1973.2,0.1,0.5,184.25,33.89,X,0.27,45,
NGTS-10,b,PhaseC,GO,2158,1,1,Executed,BOTS,PRISM,SUB512,NRSRAPID,6,3/11/23 1:57,3/12/23 0:03,25.14,Parmentier,12,06 07 29.3400 -25 35 41.62,11.728,-1,4600,0.696,0.697,4.595,0.7668944,0.014,-1,2.162,1.205,42.2,1.87,1548.6,0,1.1,48.51,62.5,X,-0.02,17.3,
NGTS-11,b,Transit,GO,7982,4,4,Implementation,BOTS,G395M,SUB2048,NRSRAPID,37,X,X,9.31,Claringbold,12,01 34 5.1361 -14 25 9.15,10.315,190.42,5063,0.862,0.831,4.515,35.4557945,0.201,89.16,0.344,0.809,14.89,0.98,496.4,1,3.7,39.89,0.08,"Nov 24, 2026 - Nov 24, 2026 (2026.328 - 2026.328)",0.22,,
NGTS-2,b,Transit,GO,3838,2,3,Executed,BOTS,G395H,SUB2048,NRSRAPID,48,7/10/24 3:03,7/10/24 13:17,11.13,Kirk,12,14 20 29.4628 -31 12 7.45,9.799,356.39,6478,1.64,1.702,4.197,4.5111232,0.063,88.5,0.74,1.625,7.94,0.26,1623.6,1.1,4.6,148.53,31.79,X,-0.06,,
TIC_207140650,X,Flares,GO,7068,4,5,Implementation,SOSS,X,SUBSTRIP256,NISRAPID,5,X,X,7.57,Doshi,12,02 56 57.6741 -58 21 45.39,-1,-1,-1,-1,-1,-1,-1,-1,-1,-1,-1,-1,-1,-1,-1,-1,-1,-1,"Aug 16, 2026 - Oct 8, 2026 (2026.228 - 2026.281)",-999,,
TIC_231020638,X,Flares,GO,7068,4,2,Implementation,SOSS,X,SUBSTRIP256,NISRAPID,3,X,X,12.18,Doshi,12,01 50 56.9007 -58 44 3.21,-1,-1,-1,-1,-1,-1,-1,-1,-1,-1,-1,-1,-1,-1,-1,-1,-1,-1,"Aug 6, 2026 - Sep 28, 2026 (2026.218 - 2026.271)",-999,,
TIC_261560580,X,Flares,GO,7068,4,1,Implementation,SOSS,X,SUBSTRIP256,NISRAPID,8,X,X,12.37,Doshi,12,23 17 0.1185 -74 32 9.44,-1,-1,-1,-1,-1,-1,-1,-1,-1,-1,-1,-1,-1,-1,-1,-1,-1,-1,"Jun 29, 2026 - Aug 21, 2026 (2026.180 - 2026.233)",-999,,
TIC_80427281,X,Flares,GO,7068,4,3,Implementation,SOSS,X,SUBSTRIP256,NISRAPID,4,X,X,8.75,Doshi,12,00 42 10.9234 -42 52 54.55,-1,-1,-1,-1,-1,-1,-1,-1,-1,-1,-1,-1,-1,-1,-1,-1,-1,-1,"Aug 17, 2025 - Aug 23, 2025 (2025.229 - 2025.235)",-999,,
TIC_89502706,X,Flares,GO,7068,4,4,Implementation,SOSS,X,SUBSTRIP256,NISRAPID,4,X,X,7.3,Doshi,12,23 47 22.4705 -23 17 17.30,-1,-1,-1,-1,-1,-1,-1,-1,-1,-1,-1,-1,-1,-1,-1,-1,-1,-1,"Oct 22, 2025 - Dec 14, 2025 (2025.295 - 2025.348)",-999,,
TOI-1075,b,Eclipse,GO,4818,3,13,Executed,LRS,X,SLITLESSPRISM,FASTR1,55,6/15/25 4:50,6/15/25 10:04,5.3,Weiner Mansfield,12,20 39 53.3385 -65 26 57.99,9.115,61.46,3921,0.602,0.58,4.65,0.6047328,0.012,84.67,0.031,0.16,34.76,11.64,1331.9,0.1,1,35.36,4.26,X,-0.08,,
TOI-1130,b,Transit,GO,3385,2,2,Executed,BOTS,G395H,SUB2048,NRSRAPID,8,8/20/24 8:44,8/20/24 16:25,8.12,Huang,12,19 05 30.2409 -41 26 15.50,8.351,58.26,4250,0.698,0.695,4.6,4.07445,0.045,87.98,0.061,0.326,16.39,2.69,809.3,0.3,2.1,93.64,1.79,X,0.2,25.6,
TOI-1231,b,Transit,GO,3557,2,3,Executed,LRS,X,SLITLESSPRISM,FASTR1,12,12/28/24 13:09,12/28/24 20:32,8.59,Madhusudhan,12,10 26 59.3375 -52 28 4.16,8.069,27.62,3544,0.485,0.471,4.808,24.2455413,0.129,89.73,0.048,0.336,12.18,1.94,326.7,0.6,3.3,130.1,0,X,0.04,,
TOI-125,c,Transit,GO,4126,2,2,Skipped,BOTS,G395H,SUB2048,NRSRAPID,22,X,X,9.95,Fisher,12,01 34 22.4221 -66 40 34.86,8.995,111.06,5282,0.871,0.851,4.517,9.1526075,0.082,88.54,0.021,0.246,9.76,2.12,822.5,0.1,2.9,58.89,0.39,X,0.07,,
TOI-1416,b,Eclipse,GO,4818,3,5,Executed,LRS,X,SLITLESSPRISM,FASTR1,18,2/17/25 18:29,2/17/25 23:23,5.89,Weiner Mansfield,12,14 27 41.7656 +41 57 12.32,7.708,55.01,4915,0.798,0.796,4.529,1.0697594,0.019,85.7,0.011,0.144,15.04,5.6,1534.5,0,1.4,85.91,3.79,X,0.08,17.6,
TOI-1420,b,Transit,GO,9101,4,7,Implementation,BOTS,G235M,SUB2048,NRSRAPID,30,X,X,9.79,Radica,12,21 31 45.9171 +66 20 55.93,10.119,201.92,5448.5,0.987,0.932,4.482,6.9561098,0.071,88.58,0.079,1.07,1.96,0.1,951.6,1.5,3.4,670.55,7.22,"Dec 6, 2026 - Dec 7, 2026 (2026.340 - 2026.341)",0.28,,
TOI-1442,b,Eclipse,GO,4818,3,9,Executed,LRS,X,SLITLESSPRISM,FASTR1,108,2/23/25 4:33,2/23/25 8:40,4.91,Weiner Mansfield,12,19 09 9.7936 +74 10 20.22,10.089,41.17,3329,0.29,0.309,4.918,0.4090679,0.007,-1,-1,0.105,-1,-1,1059.7,0.1,0.6,-1,2.34,X,-999,,
TOI-1468,b,Eclipse,GO,3730,2,17,Executed,F1500W,X,SUB256,FASTR1,31,12/1/23 18:44,12/1/23 23:51,5.33,Diamond-Lowe,12,01 06 36.9279 +19 13 29.60,8.497,24.74,3382,0.346,0.369,4.855,1.8805201,0.021,88.14,0.01,0.125,17.84,7.64,682.8,0.1,1.1,13.67,0.48,X,-0.02,42.5,
TOI-1670,c,Transit,GO,7982,4,3,Implementation,BOTS,G235M,SUB2048,NRSRAPID,4,X,X,13.53,Claringbold,12,17 16 4.1608 +72 09 40.17,8.724,168.07,6330,1.214,1.31,4.29,40.7501028,0.249,88.84,0.604,0.97,18.2,1,700.1,0.6,5.4,46.23,0.88,"Mar 16, 2027 - Mar 16, 2027 (2027.075 - 2027.075)",0.05,,
TOI-1685,b,Transit,GO,4195,2,2,Executed,BOTS,G395H,SUB2048,NRSRAPID,16,3/2/24 7:05,3/2/24 12:55,6.17,Fisher,12,04 34 22.5504 +43 02 13.30,8.758,37.62,3457,0.478,0.462,4.814,0.6691406,0.011,85.59,0.01,0.152,12.64,4.46,1058.5,0.1,1,136.19,3.75,X,0,18.7,
TOI-178,g,Transit,GO,2319,1,2,Skipped,BOTS,G395M,SUB2048,NRSRAPID,7,X,X,8.21,Hooton,12,00 29 12.4828 -30 27 14.82,8.656,62.7,4213.5,0.65,0.676,4.503,20.709002,0.128,88.82,0.012,0.295,4.03,0.73,467.9,0.2,2.2,183.19,0.03,X,-0.23,,
TOI-1801,b,Transit,GO,6932,4,3,Implementation,SOSS,X,SUBSTRIP96,NISRAPID,5,X,X,7.89,Luque,12,11 42 18.3739 +23 01 36.67,7.805,30.68,3815,0.531,0.547,4.72,10.6439385,0.075,89.51,0.034,0.177,30.79,9.28,496.8,0.1,2.7,34.03,0.04,"Jan 12, 2026 - Jan 12, 2026 (2026.012 - 2026.012)",-0.02,16,
TOI-1807,b,Eclipse,GO,4818,3,15,Executed,LRS,X,SLITLESSPRISM,FASTR1,15,2/22/25 8:54,2/22/25 13:51,5.32,Weiner Mansfield,12,13 25 7.9957 +38 55 20.94,7.568,42.58,4743.5,0.76,0.715,4.58,0.5493715,0.012,79.85,0.008,0.128,13.66,5.72,1765.6,0,1,19.34,6.28,X,-0.03,8.8,
TOI-1899,b,Transit,GO,4227,2,11,Executed,BOTS,PRISM,SUB512,NRSRAPID,5,5/10/25 17:16,5/11/25 4:17,12.6,Claringbold,12,19 57 42.3954 +40 08 35.75,10.509,128.44,3854,0.63,0.607,4.669,29.0902271,0.156,89.7,0.665,1.087,15.96,0.79,367.1,3.8,4.7,63.4,0.02,X,0.3,,
TOI-199,b,Transit,GO,5177,3,1,Executed,BOTS,G395M,SUB2048,NRSRAPID,7,12/23/24 5:22,12/24/24 3:09,24.98,Hu,12,05 20 25.3152 -59 53 44.46,8.814,102.27,5302.5,0.936,0.85,4.553,104.8634818,0.425,90,0.17,0.861,6.5,0.4,361.4,1.2,6.6,135.14,0.01,X,0.22,,
TOI-2031,b,Transit,GO,9025,4,4,Implementation,BOTS,G395H,SUB2048,NRSRAPID,85,X,X,10.28,Gao,12,22 04 28.0921 +81 33 57.39,-1,-1,-1,-1,-1,-1,-1,-1,-1,-1,-1,-1,-1,-1,-1,-1,-1,-1,"Sep 18, 2025 - Sep 19, 2025 (2025.261 - 2025.262)",-999,,
TOI-2076,b,Transit,GO,5959,3,10,Executed,SOSS,X,SUBSTRIP96,NISRAPID,2,4/17/25 23:17,4/18/25 7:37,8.89,Feinstein,0,14 29 34.0787 +39 47 25.43,7.115,41.91,5189.5,0.85,0.77,4.602,10.355362,0.068,88.9,0.051,0.223,28.86,6.92,840.8,0.1,3.3,53.54,1.07,X,-0.03,6.8,
TOI-2109,b,PhaseC,SURVEY,2765,1,4,Withdrawn,BOTS,G395H,SUB2048,NRSRAPID,23,X,X,20.76,Valenti,0,16 52 44.7110 +16 34 47.69,9.07,262.04,6593.5,1.453,1.699,4.13,0.6724821,0.018,70.74,5.02,1.375,75.25,2.93,3096.7,0.7,1.8,35.53,137.97,X,0.07,,
TOI-216,c,Transit,GO,7982,4,5,Implementation,BOTS,G395M,SUB2048,NRSRAPID,34,X,X,13.78,Claringbold,12,04 55 55.2549 -63 15 36.31,10.218,177.94,5026,0.874,0.82,4.66,34.516414,0.207,89.83,0.595,0.933,19.35,1.11,482.4,1.8,4.7,36.99,0.09,"Aug 12, 2026 - Aug 13, 2026 (2026.224 - 2026.225)",0.32,,
TOI-2260,b,PhaseC,GO,8864,4,2,Implementation,LRS,X,SLITLESSPRISM,FASTR1,25,X,X,27.35,Dang,12,16 30 40.1197 +49 02 47.49,8.684,101.25,5483,0.99,0.92,4.565,0.3524662,0.01,-1,-1,0.151,-1,-1,2574.9,0,0.6,-1,6.15,"Jun 5, 2026 - Jun 6, 2026 (2026.156 - 2026.157)",0.22,8.5,
TOI-2431,b,PhaseC,GO,8864,4,4,Implementation,LRS,X,SLITLESSPRISM,FASTR1,10,X,X,13.51,Dang,12,02 31 3.2802 +08 22 55.18,-1,-1,-1,-1,-1,-1,-1,-1,-1,-1,-1,-1,-1,-1,-1,-1,-1,-1,"Aug 5, 2026 - Aug 5, 2026 (2026.217 - 2026.217)",-999,,
TOI-2445,b,PhaseC,GO,3784,2,1,Executed,BOTS,PRISM,SUB512,NRSRAPID,7,1/28/24 5:18,1/28/24 20:10,16.56,Zhang,12,02 53 15.8773 +00 03 8.41,10.779,48.58,3333,0.25,0.271,4.964,0.3711308,0.006,-1,-1,0.118,-1,-1,1046.1,0.2,0.5,-1,2.67,X,-999,,
TOI-260,b,Transit,GO,2512,1,2,Executed,BOTS,G395H,SUB2048,NRSRAPID,3,11/30/23 5:56,11/30/23 12:46,7.75,Batalha,0,00 19 5.5243 -09 57 58.14,6.549,20.19,4050,0.582,0.607,4.646,13.4758478,0.093,88.84,0.012,0.153,14.43,5.06,499.9,0.1,2.1,90.97,0.05,X,-0.34,31,
TOI-270,b,Eclipse,GO,3730,2,20,Executed,F1500W,X,SUB256,FASTR1,25,2/10/24 10:35,2/10/24 16:16,5.93,Diamond-Lowe,12,04 33 39.8638 -51 57 26.75,8.251,22.48,3446,0.4,0.379,4.856,3.3601458,0.031,88.65,0.005,0.108,12.17,6.05,578.4,0.1,1.4,15.54,0.11,X,-0.17,,
TOI-3235,b,Transit,GO,3731,2,1,Executed,BOTS,PRISM,SUB512S,NRSRAPID,4,7/27/24 22:30,7/28/24 5:10,7.08,Jordan,12,13 49 53.7237 -46 03 59.45,10.819,72.81,3381.9,0.394,0.37,4.874,2.5926192,0.027,88.14,0.665,1,18.86,1.01,602.6,7.8,1.4,189.18,4.48,X,0.26,,
TOI-3714,b,Transit,GO,3171,2,13,Executed,BOTS,PRISM,SUB512,NRSRAPID,4,2/29/24 19:35,3/1/24 1:32,7.16,Kanodia,0,04 38 12.5354 +39 27 29.91,10.852,112.71,3652,0.526,0.508,4.75,2.154848,0.027,88.26,0.694,1.01,19.3,1.02,769.2,5,1.7,124.24,9.95,X,0.24,23.3,
TOI-3757,b,Transit,GO,3171,2,4,Executed,BOTS,PRISM,SUB512,NRSRAPID,4,3/19/24 23:10,3/20/24 5:47,7.47,Kanodia,0,06 04 0.8904 +55 01 12.59,11.152,181.14,3907.5,0.64,0.629,4.65,3.4389742,0.038,86.76,0.268,1.09,6.4,0.31,761.9,3.3,1.8,228.12,5.55,X,0,,
TOI-3884,b,Transit,GO,5799,3,3,Executed,BOTS,G395H,SUB2048,NRSRAPID,70,5/24/25 4:48,5/24/25 11:36,7.23,Garcia,12,12 06 17.4371 +12 30 24.88,10.24,43.14,3192,0.29,0.302,4.921,4.5445697,0.036,89.96,0.077,0.535,7.64,0.76,447.4,3.1,1.6,363.45,0.23,X,0.14,,
TOI-3984 A,b,Transit,GO,3171,2,2,Executed,BOTS,PRISM,SUB512,NRSRAPID,4,6/6/24 10:42,6/6/24 17:51,7.71,Kanodia,0,15 05 20.9784 +36 47 12.45,11.052,108.88,3449,0.49,0.465,4.79,4.3533236,0.041,89.5,0.14,0.675,8.71,0.69,560.1,2.2,2,146.03,0.65,X,0.18,50,
TOI-4010,d,Transit,GO,5894,3,3,Executed,BOTS,PRISM,SUB512,NRSRAPID,5,10/5/24 12:05,10/5/24 21:25,10.06,Kunimoto,12,01 20 51.5598 +66 04 19.91,10.157,177.5,4924,0.88,0.855,4.495,14.7090131,0.113,89,0.12,0.568,10.56,0.99,653.2,0.5,3.6,52.78,0.34,X,0.37,37.7,
TOI-421,b,Transit,GO,1935,1,2,Executed,BOTS,G395M,SUB2048,NRSRAPID,4,9/10/23 10:01,9/10/23 15:06,5.53,Kempton,12,05 27 24.8259 -14 16 37.05,8.071,74.8,5325,0.842,0.866,4.48,5.197576,0.056,85.68,0.022,0.236,11.15,2.53,1012.5,0,1.1,89.72,1.42,X,-0.03,39.6,
TOI-431,b,Eclipse,GO,4818,3,19,Executed,LRS,X,SLITLESSPRISM,FASTR1,8,2/1/25 8:53,2/1/25 14:00,5.4,Weiner Mansfield,12,05 33 4.6005 -26 43 28.27,6.723,32.57,4850,0.78,0.731,4.6,0.490052,0.011,84.3,0.01,0.123,18.14,7.9,1881,0,1,21.04,9.33,X,0.2,30.5,
TOI-4336 A,b,Transit,GO,4711,3,1,Scheduled,SOSS,X,SUBSTRIP96,NISRAPID,9,6/28/25 3:18,6/28/25 10:08,8.59,Hu,12,13 44 25.4773 -40 20 15.52,8.632,22.55,3331.5,0.331,0.327,4.912,16.3363503,0.087,89.55,-1,0.186,-1,-1,311.2,0.4,2,-1,0,X,-0.21,,
TOI-451,d,Transit,GO,5959,3,7,Executed,BOTS,G395H,SUB2048,NRSRAPID,10,11/27/24 12:47,11/27/24 21:53,9.77,Feinstein,0,04 11 51.9319 -37 56 23.02,9.19,123.74,5550,0.95,0.879,4.56,16.364909,0.121,89.25,-1,0.357,-1,-1,721.9,0.2,4.1,-1,0.31,X,-999,5.1,
TOI-500,b,Eclipse,GO,4818,3,7,Executed,LRS,X,SLITLESSPRISM,FASTR1,18,2/18/25 7:01,2/18/25 12:14,5.3,Weiner Mansfield,12,07 06 13.9753 -47 35 13.87,7.715,47.39,4590,0.81,0.75,4.618,0.5481579,0.012,82.09,0.004,0.104,11.7,6.02,1725.2,0,1,15.24,3.49,X,0.12,,
TOI-5205,b,Transit,GO,3171,2,17,Executed,BOTS,PRISM,SUB512,NRSRAPID,4,10/11/23 19:22,10/12/23 1:47,6.84,Kanodia,0,20 55 4.9164 +24 21 38.71,11.006,86.45,3346,0.392,0.397,4.835,1.6307046,0.02,88.21,1.08,1.011,29.97,1.59,720.7,6.8,1.3,114.6,12.19,X,0,,
TOI-5293 A,b,Transit,GO,3171,2,11,Executed,BOTS,PRISM,SUB512,NRSRAPID,5,6/27/24 11:04,6/27/24 18:09,7.44,Kanodia,0,23 43 18.8831 -02 02 42.34,11.639,162.23,3639,0.54,0.51,4.77,2.930363,0.034,88.8,0.54,1.061,13.61,0.69,679.6,5.1,1.8,113.06,3.61,X,-0.03,20.6,
TOI-561,b,PhaseC,GO,3860,2,1,Executed,BOTS,G395H,SUB2048,NRSRAPID,6,5/1/24 21:59,5/3/24 12:35,44.22,Teske,12,09 52 44.4364 +06 12 57.97,8.394,85.8,5357,0.805,0.843,4.5,0.4465697,0.011,87.1,0.007,0.127,11.75,4.95,2303.6,0,1.3,14.33,4.85,X,-0.4,,
TOI-6255,b,PhaseC,GO,8864,4,5,Implementation,LRS,X,SLITLESSPRISM,FASTR1,13,X,X,13.56,Dang,12,22 06 0.6662 +39 18 2.90,8.071,20.32,3422,0.353,0.37,4.853,0.2381824,0.005,74.4,0.005,0.091,15.5,9.11,1375.9,0,0.5,28.08,7.85,"Sep 11, 2026 - Sep 11, 2026 (2026.254 - 2026.254)",-0.14,,
TOI-674,b,Transit,GO,9095,4,4,Implementation,LRS,X,SLITLESSPRISM,FASTR1,87,X,X,4.78,Piaulet Ghorayeb,12,10 58 20.9850 -36 51 29.14,9.469,46.09,3514,0.42,0.42,4.81,1.9771642,0.025,87.21,0.074,0.469,9.56,1.09,694.5,1.4,1.1,291.62,3.46,"Jun 4, 2026 - Jun 4, 2026 (2026.155 - 2026.155)",0.17,52,
TOI-677,b,Transit,GO,9025,4,5,Implementation,BOTS,G395H,SUB2048,NRSRAPID,20,X,X,8.73,Gao,12,09 36 28.6865 -50 27 47.80,8.429,141.81,6295,1.181,1.28,4.291,11.2365992,0.104,86.7,1.236,1.17,25.59,1.17,1065.2,0.9,2.5,72.37,13.23,"Mar 20, 2026 - Mar 21, 2026 (2026.079 - 2026.080)",0,,
TOI-6894,b,Transit,GO,8696,4,1,Implementation,BOTS,PRISM,SUB512,NRSRAPID,10,X,X,6.79,Zhang,12,11 33 52.7495 +12 27 3.58,12.207,73.81,3070,0.207,0.225,5.033,3.3707011,0.026,89.58,0.168,0.846,6.65,0.42,435,16.7,1.5,467.71,0.34,"Jan 10, 2026 - Jan 11, 2026 (2026.010 - 2026.011)",0.14,,
TOI-700,e,Transit,GO,6193,3,2,Executed,SOSS,X,SUBSTRIP256,NISRAPID,4,4/6/25 17:09,4/7/25 2:38,10.81,Pass,12,06 28 22.9720 -65 34 43.01,8.634,31.13,3470.5,0.415,0.42,4.624,27.8097349,0.134,89.6,-1,0.085,-1,-1,296.4,0,2.9,-1,0,X,-0.07,54,
TOI-776,c,Transit,GO,2512,1,4,Executed,BOTS,G395H,SUB2048,NRSRAPID,7,5/27/23 11:23,5/27/23 19:22,9.55,Batalha,0,11 54 18.7193 -37 33 12.08,7.615,27.17,3717,0.544,0.538,4.731,15.6653276,0.1,89.51,0.019,0.183,16.31,4.78,415.6,0.1,3,62.4,0.01,X,-0.2,34.4,
TOI-824,b,Eclipse,GO,4102,2,1,Executed,BOTS,G395M,SUB2048,NRSRAPID,5,7/31/24 22:08,8/1/24 4:30,6.63,Roy,12,14 48 39.7097 -57 35 20.00,8.432,63.93,4600,0.71,0.695,4.605,1.3929765,0.022,83.65,0.058,0.262,23.94,4.88,1253.3,0.2,1.1,75.73,6.79,X,-0.09,,
TOI-836,c,Transit,GO,2512,1,8,Executed,BOTS,G395H,SUB2048,NRSRAPID,3,2/16/23 11:57,2/16/23 20:01,8.91,Batalha,0,15 00 19.1712 -24 27 15.11,6.804,27.5,4514,0.678,0.678,4.662,8.5954646,0.075,88.7,0.03,0.233,15.75,3.61,654.2,0.1,2.5,119,0.49,X,-0.28,22,
TOI-849,b,PhaseC,SURVEY,2765,1,3,Withdrawn,BOTS,PRISM,SUB512,NRSRAPID,3,X,X,45.87,Valenti,0,01 54 51.7910 -29 25 18.15,10.418,225.73,5311,0.95,0.92,4.475,0.765548,0.016,86.8,0.127,0.316,36.13,6.12,1957.9,0.1,1.5,21.93,6.84,X,0.19,,
TRAPPIST-1,b,Eclipse,GTO,1279,1,3,Executed,F1280W,X,FULL,FASTR1,15,7/22/23 23:02,7/23/23 4:03,5.35,Lagage,12,23 06 29.3600 -05 02 29.20,10.296,-1,2559,0.089,0.117,5.276,1.5108704,0.012,89.41,0.003,0.1,9.15,4.92,393,0.8,0.6,53.2,0.02,X,0.04,1.4,
TrES-4,b,Transit,GO,3838,2,1,Executed,BOTS,G395H,SUB2048,NRSRAPID,80,6/17/24 0:32,6/17/24 9:08,9.91,Kirk,12,17 53 13.0407 +37 12 42.26,10.33,515.98,6200,1.394,1.816,4.062,3.553929,0.051,82.81,0.887,1.791,7.84,0.23,1785.5,1,3.6,125.52,36.82,X,0.14,,
V1298 Tau,c,Transit,GO,2149,1,1,Executed,BOTS,G395H,SUB2048,NRSRAPID,4,1/14/23 17:49,1/14/23 18:31,17.12,Desert,12,04 05 19.5970 +20 09 25.31,8.094,108.2,5050,1.101,1.33,-1,8.24925,0.083,88,0.24,0.46,32.15,3.74,973,0,4.7,22.36,2.07,X,0.1,2.9,
WASP-103,b,PhaseC,GO,5022,3,1,Flight Ready,BOTS,PRISM,SUB512,NRSRAPID,5,X,X,35.46,Barros,12,16 37 15.5766 +07 11 0.11,10.767,375.65,6110,1.22,1.436,4.22,0.9255454,0.02,86.3,1.48,1.528,17.97,0.63,2505.9,1.2,2.6,85.74,79.99,"Jul 6, 2025 - Jul 6, 2025 (2025.187 - 2025.187)",0.06,,
WASP-107,b,Transit,GTO,1185,1,8,Executed,GTS,GRISMR+F322W2,SUBGRISM256,BRIGHT2,7,1/14/23 0:41,1/14/23 9:12,9.44,Greene,12,12 33 32.7426 -10 08 46.37,8.637,64.74,4430,0.69,0.66,4.5,5.7214886,0.055,89.56,0.12,0.944,3.8,0.22,738,2.2,2.7,930.94,8.08,X,0.02,17,
WASP-12,b,Transit,GO,5924,3,13,Flight Ready,BOTS,PRISM,SUB512,NRSRAPID,3,X,X,8.77,Sing,0,06 30 32.7966 +29 40 20.26,10.188,427.25,6300,1.35,1.638,4.134,1.0914203,0.023,83.2,1.41,1.825,12,0.35,2552.6,1.4,3,156.73,113.89,"Mar 10, 2026 - Mar 10, 2026 (2026.069 - 2026.069)",0.3,,
WASP-121,b,PhaseC,GTO,1201,1,1,Executed,SOSS,X,SUBSTRIP256,NISRAPID,6,10/26/23 16:33,10/28/23 6:45,43.85,Lafreniere,12,07 10 24.0555 -39 05 50.17,9.374,269.9,6459,1.353,1.458,4.242,1.274925,0.025,88.04,1.17,1.8,10.24,0.3,2357.9,1.7,2.9,307.36,165.69,X,0.13,1.1,
WASP-127,b,Transit,GO,2437,1,1,Executed,BOTS,G395H,SUB2048,NRSRAPID,14,5/8/23 7:22,5/8/23 19:03,13.11,Pelletier,12,10 42 14.1035 -03 50 6.00,8.641,159.51,5620,1.08,1.369,4.18,4.178062,0.05,88.2,0.172,1.311,2.84,0.12,1415,1,4.3,769.49,44.07,X,-0.18,,
WASP-15,b,Transit,GO,3838,2,4,Executed,BOTS,G395H,SUB2048,NRSRAPID,44,1/26/24 22:17,1/27/24 7:32,10.04,Kirk,12,13 55 42.7227 -32 09 34.96,9.693,282.09,6300,1.18,1.477,4.35,3.7520991,0.05,85.72,0.546,1.409,7.8,0.3,1652.8,1,3.7,186.13,36.49,X,-0.17,,
WASP-166,b,Transit,GO,2062,1,4,Executed,SOSS,X,SUBSTRIP96,NISRAPID,2,12/31/23 2:28,12/31/23 12:59,11.5,Mayo,12,09 39 30.0251 -20 58 56.71,8.032,114.17,6050,1.19,1.22,4.34,5.44354,0.064,88,0.101,0.641,6.97,0.58,1272.7,0.3,3.6,229.7,11,X,0.19,12.1,
WASP-17,b,Eclipse,GTO,1353,1,4,Executed,BOTS,G395H,SUB2048,NRSRAPID,66,4/2/23 11:35,4/2/23 22:41,12.42,Lewis,12,15 59 50.9395 -28 03 42.46,10.224,405.91,6550,1.306,1.572,4.176,3.7354417,0.051,86.83,0.49,1.892,3.88,0.11,1748.8,1.7,4.4,367.69,50.36,X,-0.19,,
WASP-178,b,Transit,GO,2055,1,1,Executed,BOTS,G395H,SUB2048,NRSRAPID,45,3/7/23 6:46,3/7/23 15:01,9.11,Lothringer,12,15 09 4.8930 -42 42 17.79,9.703,427.68,9360,2,1.76,4.31,3.3448386,0.055,85.08,1.535,1.856,12.62,0.36,2549.7,1.2,3.5,163.92,74.69,X,0.08,,
WASP-18,b,Transit,COM,1442,0,2,Withdrawn,GTS,GRISMR+F322W2,SUBGRISM128,BRIGHT2,11,X,X,6.8,Schlawin,12,01 37 25.0709 -45 40 40.06,8.131,123.48,6400,1.274,1.26,4.366,0.9414524,0.02,85,10.39,1.191,207.61,9.33,2432.6,0.9,2.2,24.55,186.65,X,0.05,,
WASP-189,b,Transit,GO,3279,2,1,Executed,SOSS,X,SUBSTRIP256,NISRAPID,7,3/5/24 22:44,3/6/24 10:00,13.19,Hoeijmakers,0,15 02 44.8157 -03 01 53.35,6.06,99.73,8000,2.03,2.36,3.9,2.7240319,0.051,84.03,1.99,1.619,21.52,0.71,2636.4,0,4.3,258.16,222.32,X,0.29,,
WASP-19,b,Transit,GO,5924,3,12,Executed,BOTS,PRISM,SUB512,NRSRAPID,4,3/22/25 10:21,3/22/25 16:08,5.93,Sing,0,09 53 40.0766 -45 39 33.06,10.481,268.32,5503,0.965,1.004,4.401,0.7888391,0.017,79.24,1.147,1.394,16.74,0.64,2069.6,2.1,1.6,161.73,117.77,X,0.15,10.5,
WASP-193,b,Transit,GO,9101,4,5,Implementation,BOTS,G140H,SUB2048,NRSRAPID,26,X,X,12.24,Radica,12,10 57 23.8522 -29 59 49.67,10.745,362.09,6105,1.059,1.19,4.336,6.2462799,0.068,88.49,0.139,1.332,2.22,0.09,1235.3,1.3,4.3,438.74,12.7,"May 25, 2026 - May 25, 2026 (2026.145 - 2026.145)",-0.06,,
WASP-25,b,Transit,GO,9025,4,1,Implementation,BOTS,G395H,SUB2048,NRSRAPID,99,X,X,8.89,Gao,12,13 01 26.3760 -27 31 19.92,10.174,211.42,5736,1,0.92,4.505,3.7648327,0.047,88,0.58,1.22,11.05,0.48,1219.3,1.9,2.8,173.47,24.21,"May 28, 2026 - May 28, 2026 (2026.148 - 2026.148)",-0.05,,
WASP-39,b,Transit,ERS,1366,1,4,Executed,BOTS,PRISM,SUB512,NRSRAPID,5,7/10/22 14:05,7/10/22 23:38,10.52,Batalha,0,14 29 18.3955 -03 26 40.20,10.202,213.98,5326.6,0.918,1.013,4.389,4.0552804,0.049,87.76,0.28,1.279,4.85,0.2,1173.1,2.2,2.8,324.05,20.93,X,-0.03,,
WASP-43,b,PhaseC,ERS,1366,1,11,Executed,LRS,X,SLITLESSPRISM,FASTR1,64,11/30/22 23:36,12/2/22 3:25,31.82,Batalha,0,10 19 37.9649 -09 48 23.19,9.267,86.75,4400,0.65,0.667,4.573,0.8134741,0.015,82.11,1.899,1.006,53.19,2.83,1433.1,2.6,1.2,100.86,124.96,X,-0.05,15.6,
WASP-47,e,Eclipse,GO,3615,2,1,Executed,BOTS,G395H,SUB2048,NRSRAPID,44,6/13/24 23:21,6/14/24 7:00,8.28,Zieba,12,22 04 48.7426 -12 01 8.66,10.192,264.78,5565,1.04,1.137,4.34,0.7896035,0.017,86.46,0.028,0.161,30.85,10.23,2193.6,0,1.9,10.51,1.58,X,0.38,32.5,
WASP-52,b,Eclipse,GTO,1224,1,4,Executed,BOTS,PRISM,SUB512S,NRSRAPID,3,6/10/23 8:41,6/10/23 14:34,6.59,Birkmann,12,23 13 58.7501 +08 45 39.86,10.086,174.82,5000,0.87,0.79,4.503,1.7497812,0.027,85.35,0.46,1.27,8.08,0.34,1300.2,2.9,1.9,371.56,57.4,X,0.03,,
WASP-6,b,Transit,GO,5924,3,11,Skipped,BOTS,PRISM,SUB512,NRSRAPID,4,X,X,8.19,Sing,0,23 12 37.7368 -22 40 26.27,10.325,197.12,5450,0.88,0.818,4.581,3.3610023,0.042,88.47,0.485,1.22,9.24,0.41,1158.2,2.1,2.6,232.67,25.42,"Oct 16, 2025 - Oct 16, 2025 (2025.289 - 2025.289)",-0.2,23.8,
WASP-63,b,Transit,GO,2113,1,5,Executed,SOSS,X,SUBSTRIP256,NISRAPID,4,9/28/23 18:01,9/29/23 6:11,13.8,Espinoza,12,06 17 20.7248 -38 19 24.19,9.393,290.68,5560,1.28,1.86,4.01,4.378082,0.056,87.8,0.37,1.382,5.49,0.21,1548.1,0.6,5.4,175.92,25.2,X,0.08,,
WASP-69,b,Eclipse,GTO,1177,1,3,Executed,LRS,X,SLITLESSPRISM,FASTR1,16,5/2/23 21:27,5/3/23 5:00,8.3,Greene,12,21 00 6.2319 -05 05 41.49,7.459,49.96,4715,0.826,0.813,4.535,3.8681389,0.045,86.71,0.26,1.057,6.6,0.33,963.7,1.8,2.2,889.27,41.77,X,0.14,23.1,
WASP-76,b,Transit,GO,5924,3,14,Flight Ready,SOSS,X,SUBSTRIP96,NISRAPID,4,X,X,9.88,Sing,0,01 46 31.8576 +02 42 2.03,8.243,194.46,6264.1,1.46,1.737,4.128,1.8098813,0.033,88.25,0.91,1.85,7.54,0.22,2191.5,1.2,3.8,472.58,183.84,"Aug 21, 2025 - Aug 21, 2025 (2025.233 - 2025.233)",0.23,,
WASP-77 A,b,Eclipse,GTO,1274,1,10,Executed,BOTS,G395H,SUB2048,NRSRAPID,17,8/24/22 21:01,8/25/22 4:37,8.47,Lunine,12,02 28 37.2266 -07 03 38.37,8.405,105.17,5500,1.002,0.955,4.33,1.3600293,0.024,89.4,1.76,1.21,34.07,1.51,1673.7,1.7,2.2,160.44,147.22,X,0,15.4,
WASP-80,b,Transit,GTO,1185,1,103,Executed,GTS,GRISMR+F444W,SUBGRISM256,BRIGHT2,12,10/6/23 8:53,10/6/23 16:13,7.95,Greene,12,20 12 40.0319 -02 08 39.97,8.351,49.79,4145,0.57,0.571,4.668,3.0678527,0.034,89.02,0.55,0.969,16.6,0.92,814.3,2.9,2.1,367.92,25.26,X,-0.14,,
WASP-84,b,Transit,GO,9025,4,3,Implementation,BOTS,G395H,SUB2048,NRSRAPID,30,X,X,9,Gao,12,08 44 25.7032 +01 51 36.11,8.855,100.59,5307,0.842,0.748,4.4,8.5234963,0.077,88.37,0.693,0.956,21.49,1.2,796.1,1.7,2.8,126.65,6.76,"Nov 29, 2026 - Nov 30, 2026 (2026.333 - 2026.334)",0,14.4,
WASP-94 A,b,Transit,GO,3154,2,1,Executed,BOTS,G395H,SUB2048,NRSRAPID,21,6/7/24 13:44,6/7/24 22:49,10.35,Ahrer,12,20 55 7.9774 -34 08 8.70,8.874,211.21,6153,1.45,1.62,4.181,3.9501954,0.055,88.7,0.456,1.72,4.37,0.14,1607.3,1.2,4.5,478.31,62.93,X,0.26,,
WASP-96,b,Transit,COM,2734,0,2,Executed,SOSS,X,SUBSTRIP256,NISRAPID,14,6/21/22 2:41,6/21/22 10:48,7.51,Pontoppidan,12,00 04 11.1377 -47 21 38.32,10.914,352.46,5540,1.06,1.05,4.42,3.4252567,0.045,85.6,0.485,1.2,9.55,0.43,1285.4,1.4,2.4,113.63,16.28,X,0.14,,
WD 1856+534,b,Transit,GO,2358,1,2,Executed,BOTS,PRISM,SUB2048,NRSRAPID,33,8/31/22 0:46,8/31/22 1:38,3.33,MacDonald,12,18 57 39.3437 +53 30 33.30,15.548,24.74,5245,0.518,0.013,6.176,1.4079387,0.02,88.78,13.8,0.928,454.37,26.2,202.7,52.6,0.2,221.31,0,X,-999,,